-- MySQL dump 10.13  Distrib 8.0.32, for Win64 (x86_64)
--
-- Host: 127.0.0.1    Database: uas
-- ------------------------------------------------------
-- Server version	8.0.32

/*!40101 SET @OLD_CHARACTER_SET_CLIENT=@@CHARACTER_SET_CLIENT */;
/*!40101 SET @OLD_CHARACTER_SET_RESULTS=@@CHARACTER_SET_RESULTS */;
/*!40101 SET @OLD_COLLATION_CONNECTION=@@COLLATION_CONNECTION */;
/*!50503 SET NAMES utf8mb4 */;
/*!40103 SET @OLD_TIME_ZONE=@@TIME_ZONE */;
/*!40103 SET TIME_ZONE='+00:00' */;
/*!40014 SET @OLD_UNIQUE_CHECKS=@@UNIQUE_CHECKS, UNIQUE_CHECKS=0 */;
/*!40014 SET @OLD_FOREIGN_KEY_CHECKS=@@FOREIGN_KEY_CHECKS, FOREIGN_KEY_CHECKS=0 */;
/*!40101 SET @OLD_SQL_MODE=@@SQL_MODE, SQL_MODE='NO_AUTO_VALUE_ON_ZERO' */;
/*!40111 SET @OLD_SQL_NOTES=@@SQL_NOTES, SQL_NOTES=0 */;

--
-- Table structure for table `anggota`
--

DROP TABLE IF EXISTS `anggota`;
/*!40101 SET @saved_cs_client     = @@character_set_client */;
/*!50503 SET character_set_client = utf8mb4 */;
CREATE TABLE `anggota` (
  `id` int NOT NULL AUTO_INCREMENT,
  `nama` varchar(100) DEFAULT NULL,
  PRIMARY KEY (`id`)
) ENGINE=InnoDB AUTO_INCREMENT=11 DEFAULT CHARSET=utf8mb4 COLLATE=utf8mb4_0900_ai_ci;
/*!40101 SET character_set_client = @saved_cs_client */;

--
-- Dumping data for table `anggota`
--

LOCK TABLES `anggota` WRITE;
/*!40000 ALTER TABLE `anggota` DISABLE KEYS */;
INSERT INTO `anggota` VALUES (1,'Marli'),(2,'Reni'),(3,'Nessa'),(4,'Dandi'),(5,'Rizal'),(6,'Rizky'),(7,'Rizka'),(8,'Rizwan'),(9,'Rizaldi'),(10,'Rizma');
/*!40000 ALTER TABLE `anggota` ENABLE KEYS */;
UNLOCK TABLES;

--
-- Temporary view structure for view `anggota_peminjaman`
--

DROP TABLE IF EXISTS `anggota_peminjaman`;
/*!50001 DROP VIEW IF EXISTS `anggota_peminjaman`*/;
SET @saved_cs_client     = @@character_set_client;
/*!50503 SET character_set_client = utf8mb4 */;
/*!50001 CREATE VIEW `anggota_peminjaman` AS SELECT 
 1 AS `id`,
 1 AS `nama`,
 1 AS `jumlah_peminjaman`*/;
SET character_set_client = @saved_cs_client;

--
-- Table structure for table `buku`
--

DROP TABLE IF EXISTS `buku`;
/*!40101 SET @saved_cs_client     = @@character_set_client */;
/*!50503 SET character_set_client = utf8mb4 */;
CREATE TABLE `buku` (
  `id` int NOT NULL AUTO_INCREMENT,
  `judul` varchar(100) DEFAULT NULL,
  `pengarang` varchar(100) DEFAULT NULL,
  `penerbit` varchar(100) DEFAULT NULL,
  `tahun_terbit` int DEFAULT NULL,
  PRIMARY KEY (`id`)
) ENGINE=InnoDB AUTO_INCREMENT=11 DEFAULT CHARSET=utf8mb4 COLLATE=utf8mb4_0900_ai_ci;
/*!40101 SET character_set_client = @saved_cs_client */;

--
-- Dumping data for table `buku`
--

LOCK TABLES `buku` WRITE;
/*!40000 ALTER TABLE `buku` DISABLE KEYS */;
INSERT INTO `buku` VALUES (1,'Pemrograman Web','Web Programming Unpas','Andi Offset',2017),(2,'Pemrograman Java','Programmer Zaman Now','Andi Offset',2017),(3,'Pemrograman PHP','Programmer Zaman Now','Andi Offset',2017),(4,'Pemrograman C++','Faqihza','Andi Offset',2017),(5,'Pemrograman C#','Faqihza','Andi Offset',2017),(6,'Pemrograman Python','Faqihza','Andi Offset',2017),(7,'Pemrograman Javascript','Web Programming Unpas','Andi Offset',2017),(8,'Pemrograman C','Faqihza','Andi Offset',2017),(9,'Pemrograman Pascal','Abdul Kadir','Andi Offset',2017),(10,'Pemrograman Visual Basic','Abdul Kadir','Andi Offset',2017);
/*!40000 ALTER TABLE `buku` ENABLE KEYS */;
UNLOCK TABLES;

--
-- Table structure for table `peminjaman`
--

DROP TABLE IF EXISTS `peminjaman`;
/*!40101 SET @saved_cs_client     = @@character_set_client */;
/*!50503 SET character_set_client = utf8mb4 */;
CREATE TABLE `peminjaman` (
  `id` int NOT NULL AUTO_INCREMENT,
  `id_buku` int DEFAULT NULL,
  `id_anggota` int DEFAULT NULL,
  `tanggal_pinjam` date DEFAULT NULL,
  PRIMARY KEY (`id`),
  KEY `id_buku` (`id_buku`),
  KEY `id_anggota` (`id_anggota`),
  CONSTRAINT `peminjaman_ibfk_1` FOREIGN KEY (`id_buku`) REFERENCES `buku` (`id`) ON DELETE CASCADE,
  CONSTRAINT `peminjaman_ibfk_2` FOREIGN KEY (`id_anggota`) REFERENCES `anggota` (`id`) ON DELETE CASCADE
) ENGINE=InnoDB AUTO_INCREMENT=1001 DEFAULT CHARSET=utf8mb4 COLLATE=utf8mb4_0900_ai_ci;
/*!40101 SET character_set_client = @saved_cs_client */;

--
-- Dumping data for table `peminjaman`
--

LOCK TABLES `peminjaman` WRITE;
/*!40000 ALTER TABLE `peminjaman` DISABLE KEYS */;
INSERT INTO `peminjaman` VALUES (1,4,8,'2023-01-15'),(2,8,2,'2023-04-30'),(3,7,9,'2022-12-15'),(4,4,10,'2023-03-08'),(5,8,4,'2023-03-30'),(6,10,10,'2023-06-13'),(7,10,8,'2023-01-16'),(8,8,1,'2023-01-18'),(9,9,3,'2023-03-30'),(10,2,5,'2023-02-15'),(11,1,8,'2022-09-28'),(12,2,1,'2022-07-26'),(13,10,7,'2023-06-20'),(14,10,2,'2023-01-04'),(15,4,6,'2022-07-10'),(16,2,2,'2023-04-04'),(17,7,7,'2023-01-04'),(18,9,1,'2022-09-09'),(19,4,7,'2023-03-20'),(20,8,1,'2023-06-04'),(21,9,3,'2023-02-20'),(22,4,1,'2022-11-07'),(23,3,10,'2023-03-12'),(24,3,6,'2022-07-19'),(25,4,1,'2022-09-24'),(26,5,3,'2022-07-21'),(27,5,7,'2023-04-04'),(28,4,1,'2023-03-11'),(29,5,9,'2022-09-14'),(30,3,10,'2022-12-13'),(31,7,2,'2022-11-04'),(32,6,6,'2023-01-26'),(33,3,5,'2022-09-17'),(34,8,9,'2022-08-04'),(35,2,6,'2023-01-31'),(36,10,6,'2023-01-15'),(37,3,8,'2022-08-20'),(38,4,6,'2022-09-06'),(39,8,10,'2023-02-04'),(40,1,3,'2022-07-26'),(41,1,8,'2023-06-05'),(42,4,9,'2023-02-16'),(43,6,9,'2022-10-07'),(44,10,7,'2022-09-24'),(45,7,1,'2023-03-28'),(46,6,10,'2022-12-25'),(47,8,7,'2022-08-07'),(48,5,8,'2023-05-17'),(49,2,3,'2023-01-05'),(50,3,5,'2023-06-13'),(51,5,3,'2022-07-04'),(52,1,10,'2022-07-11'),(53,5,7,'2023-01-16'),(54,5,1,'2022-07-22'),(55,6,9,'2023-05-02'),(56,6,9,'2023-02-20'),(57,3,3,'2022-09-09'),(58,8,2,'2023-06-02'),(59,1,3,'2022-12-04'),(60,5,10,'2023-05-28'),(61,5,9,'2022-11-08'),(62,1,4,'2022-08-06'),(63,10,3,'2022-08-09'),(64,6,6,'2023-06-10'),(65,5,2,'2022-11-22'),(66,3,10,'2023-04-10'),(67,9,9,'2023-03-31'),(68,9,5,'2023-06-13'),(69,5,10,'2022-10-09'),(70,7,9,'2022-07-29'),(71,5,5,'2023-02-27'),(72,6,1,'2022-11-02'),(73,1,4,'2023-02-20'),(74,2,8,'2022-09-11'),(75,8,6,'2023-06-10'),(76,1,6,'2023-06-13'),(77,7,2,'2023-02-19'),(78,10,9,'2022-07-03'),(79,4,8,'2023-05-05'),(80,7,8,'2023-03-26'),(81,8,4,'2022-08-12'),(82,10,8,'2022-10-06'),(83,8,9,'2023-03-24'),(84,6,6,'2022-07-07'),(85,8,1,'2022-08-20'),(86,8,1,'2022-08-22'),(87,9,9,'2022-08-30'),(88,10,1,'2022-10-20'),(89,6,8,'2023-03-16'),(90,5,4,'2022-10-22'),(91,8,2,'2023-02-05'),(92,5,1,'2023-02-05'),(93,7,1,'2023-02-10'),(94,6,2,'2023-03-19'),(95,2,10,'2022-12-25'),(96,5,9,'2023-03-28'),(97,6,6,'2023-06-16'),(98,8,1,'2023-04-14'),(99,7,5,'2022-09-27'),(100,5,5,'2022-11-27'),(101,7,4,'2023-04-02'),(102,9,6,'2022-10-07'),(103,6,1,'2022-09-17'),(104,3,1,'2023-04-16'),(105,6,4,'2022-11-01'),(106,8,1,'2023-04-01'),(107,3,2,'2022-12-01'),(108,2,2,'2023-01-03'),(109,4,1,'2023-04-22'),(110,5,9,'2023-06-15'),(111,2,7,'2023-01-10'),(112,9,10,'2023-05-28'),(113,6,9,'2022-10-29'),(114,5,5,'2022-06-23'),(115,2,8,'2023-01-17'),(116,7,9,'2022-11-22'),(117,7,1,'2023-01-09'),(118,7,10,'2022-11-21'),(119,8,6,'2022-08-22'),(120,3,5,'2022-11-17'),(121,10,8,'2023-01-05'),(122,9,9,'2023-04-27'),(123,9,10,'2022-12-31'),(124,9,5,'2022-11-24'),(125,7,7,'2023-01-13'),(126,3,4,'2022-07-02'),(127,9,2,'2022-08-21'),(128,10,5,'2023-06-03'),(129,8,10,'2023-01-17'),(130,8,2,'2022-07-15'),(131,6,1,'2022-08-01'),(132,4,9,'2023-05-15'),(133,7,3,'2022-10-26'),(134,2,8,'2022-06-29'),(135,6,4,'2023-06-07'),(136,4,1,'2023-04-06'),(137,8,4,'2023-03-13'),(138,9,5,'2023-04-10'),(139,2,9,'2023-05-08'),(140,9,8,'2022-07-09'),(141,4,5,'2022-08-20'),(142,9,8,'2023-05-08'),(143,5,10,'2023-02-08'),(144,4,6,'2022-10-05'),(145,6,9,'2022-12-06'),(146,9,1,'2023-06-08'),(147,3,4,'2023-04-18'),(148,6,4,'2022-07-11'),(149,3,10,'2023-04-26'),(150,6,3,'2023-02-02'),(151,5,3,'2022-10-20'),(152,3,1,'2022-08-30'),(153,5,9,'2023-03-22'),(154,9,5,'2022-11-28'),(155,4,10,'2023-04-29'),(156,10,6,'2023-03-06'),(157,10,8,'2022-10-04'),(158,10,4,'2022-09-15'),(159,7,5,'2023-03-08'),(160,9,5,'2022-08-27'),(161,3,2,'2023-06-10'),(162,2,7,'2022-11-08'),(163,9,10,'2022-08-11'),(164,7,1,'2022-12-23'),(165,1,6,'2023-03-31'),(166,7,6,'2023-01-09'),(167,8,3,'2023-06-17'),(168,6,6,'2023-03-21'),(169,2,3,'2023-03-13'),(170,4,2,'2022-12-27'),(171,10,4,'2023-05-04'),(172,5,5,'2023-02-03'),(173,10,9,'2022-06-24'),(174,10,2,'2022-09-03'),(175,7,5,'2023-06-21'),(176,7,1,'2022-06-29'),(177,9,9,'2022-06-29'),(178,10,4,'2022-06-30'),(179,8,5,'2023-02-17'),(180,10,8,'2023-03-15'),(181,1,1,'2023-02-21'),(182,5,7,'2023-04-25'),(183,4,1,'2022-10-27'),(184,8,10,'2023-05-21'),(185,8,7,'2022-08-03'),(186,6,9,'2023-02-02'),(187,2,9,'2023-02-08'),(188,10,4,'2022-06-26'),(189,4,1,'2022-09-28'),(190,10,5,'2022-08-18'),(191,1,4,'2023-02-23'),(192,7,4,'2022-11-11'),(193,5,6,'2022-11-14'),(194,1,6,'2022-12-11'),(195,7,5,'2022-12-22'),(196,4,9,'2022-08-27'),(197,5,4,'2022-10-03'),(198,5,4,'2022-08-30'),(199,7,5,'2023-01-29'),(200,4,9,'2022-08-28'),(201,5,1,'2023-01-28'),(202,1,3,'2023-05-02'),(203,8,7,'2022-08-06'),(204,6,3,'2023-03-25'),(205,6,10,'2022-11-18'),(206,6,7,'2023-04-11'),(207,9,10,'2023-04-16'),(208,10,2,'2022-06-29'),(209,10,10,'2022-08-26'),(210,8,1,'2023-02-21'),(211,3,2,'2022-06-29'),(212,10,1,'2022-08-11'),(213,1,7,'2023-03-30'),(214,4,10,'2022-07-16'),(215,10,9,'2023-01-17'),(216,1,5,'2022-12-14'),(217,5,8,'2022-12-12'),(218,4,2,'2022-10-29'),(219,10,7,'2022-07-12'),(220,9,1,'2023-01-02'),(221,1,2,'2022-09-14'),(222,3,7,'2023-01-06'),(223,7,9,'2022-09-11'),(224,1,2,'2022-06-29'),(225,7,4,'2022-07-21'),(226,10,2,'2022-10-28'),(227,7,4,'2022-07-03'),(228,1,4,'2022-09-27'),(229,9,6,'2023-03-27'),(230,3,10,'2022-10-24'),(231,1,6,'2022-09-25'),(232,4,5,'2023-06-12'),(233,10,8,'2023-02-03'),(234,5,1,'2022-07-17'),(235,10,3,'2023-02-17'),(236,5,3,'2022-10-27'),(237,3,7,'2023-05-30'),(238,2,1,'2022-07-27'),(239,5,1,'2022-12-02'),(240,5,10,'2023-04-03'),(241,2,2,'2022-08-24'),(242,4,8,'2022-08-07'),(243,2,10,'2022-12-30'),(244,9,1,'2022-06-28'),(245,3,2,'2022-12-23'),(246,4,6,'2022-09-20'),(247,1,2,'2023-03-09'),(248,1,2,'2023-01-01'),(249,9,5,'2022-10-02'),(250,9,9,'2022-09-17'),(251,3,5,'2023-03-31'),(252,10,4,'2022-11-05'),(253,2,6,'2022-11-29'),(254,5,9,'2022-12-03'),(255,3,7,'2023-04-16'),(256,4,1,'2023-01-28'),(257,5,1,'2023-01-13'),(258,4,8,'2022-06-24'),(259,9,7,'2022-09-02'),(260,3,3,'2023-01-12'),(261,10,5,'2022-09-05'),(262,5,10,'2023-06-12'),(263,1,6,'2022-08-12'),(264,6,5,'2022-08-15'),(265,3,9,'2023-04-07'),(266,8,4,'2022-07-23'),(267,7,9,'2023-02-28'),(268,8,6,'2023-05-25'),(269,7,4,'2022-08-23'),(270,6,2,'2022-08-23'),(271,4,3,'2023-03-18'),(272,9,10,'2022-11-10'),(273,4,9,'2022-10-10'),(274,2,4,'2023-02-16'),(275,10,5,'2023-02-05'),(276,4,8,'2023-04-29'),(277,2,2,'2022-11-17'),(278,3,7,'2023-06-02'),(279,9,10,'2023-03-20'),(280,1,10,'2023-04-12'),(281,9,6,'2023-02-12'),(282,8,3,'2022-11-16'),(283,2,9,'2023-03-28'),(284,7,10,'2022-06-30'),(285,9,6,'2023-03-22'),(286,3,7,'2022-12-28'),(287,9,10,'2023-05-13'),(288,3,8,'2022-07-24'),(289,6,10,'2022-08-06'),(290,1,9,'2023-01-11'),(291,6,7,'2022-12-03'),(292,1,6,'2022-06-25'),(293,3,10,'2023-01-25'),(294,10,5,'2023-04-16'),(295,7,1,'2023-03-24'),(296,6,1,'2023-02-05'),(297,5,4,'2022-09-09'),(298,9,7,'2023-04-26'),(299,3,7,'2023-02-17'),(300,7,8,'2023-04-29'),(301,2,9,'2023-06-19'),(302,8,10,'2022-07-01'),(303,6,9,'2022-08-11'),(304,8,2,'2022-11-22'),(305,10,5,'2022-09-08'),(306,3,4,'2022-09-02'),(307,2,8,'2023-04-01'),(308,10,4,'2023-02-12'),(309,5,1,'2022-07-02'),(310,5,2,'2022-07-18'),(311,2,7,'2023-05-19'),(312,2,9,'2022-12-17'),(313,6,9,'2022-08-21'),(314,9,5,'2023-05-12'),(315,2,8,'2022-08-03'),(316,2,2,'2022-07-19'),(317,7,10,'2023-05-01'),(318,8,1,'2022-12-24'),(319,6,7,'2023-02-28'),(320,6,10,'2022-12-19'),(321,5,8,'2022-12-12'),(322,6,4,'2023-03-15'),(323,10,4,'2023-03-14'),(324,5,8,'2022-11-17'),(325,7,5,'2022-11-29'),(326,3,2,'2022-10-17'),(327,10,4,'2022-09-12'),(328,8,5,'2023-06-08'),(329,8,2,'2022-08-03'),(330,2,1,'2023-03-10'),(331,8,2,'2023-01-25'),(332,10,5,'2023-03-12'),(333,1,9,'2022-12-16'),(334,9,2,'2023-01-20'),(335,3,9,'2022-08-20'),(336,8,2,'2022-10-31'),(337,6,6,'2022-11-07'),(338,2,8,'2023-03-12'),(339,10,1,'2022-09-05'),(340,8,7,'2022-10-23'),(341,1,7,'2022-12-15'),(342,8,10,'2022-11-28'),(343,1,5,'2023-05-26'),(344,10,9,'2023-05-03'),(345,6,7,'2023-01-13'),(346,4,6,'2023-06-19'),(347,5,7,'2023-04-28'),(348,8,4,'2023-05-05'),(349,4,1,'2022-06-23'),(350,2,6,'2022-07-18'),(351,7,7,'2023-03-06'),(352,10,2,'2023-01-02'),(353,8,1,'2022-07-27'),(354,1,3,'2023-01-06'),(355,1,2,'2022-07-06'),(356,6,9,'2023-04-16'),(357,5,6,'2023-01-12'),(358,8,10,'2022-07-01'),(359,5,9,'2022-11-04'),(360,5,4,'2023-06-16'),(361,7,8,'2023-01-06'),(362,1,3,'2023-02-17'),(363,4,3,'2022-12-10'),(364,6,2,'2023-05-24'),(365,9,10,'2022-11-06'),(366,5,8,'2023-05-27'),(367,9,2,'2023-05-15'),(368,10,2,'2022-09-22'),(369,10,10,'2023-01-16'),(370,3,9,'2023-02-14'),(371,1,5,'2022-07-12'),(372,1,7,'2022-07-30'),(373,9,1,'2023-03-20'),(374,1,7,'2022-08-17'),(375,5,8,'2023-02-15'),(376,5,1,'2023-03-21'),(377,10,4,'2022-11-27'),(378,7,3,'2022-11-01'),(379,6,3,'2023-05-15'),(380,4,6,'2023-01-10'),(381,1,7,'2022-07-14'),(382,8,2,'2023-04-10'),(383,9,2,'2022-07-02'),(384,2,6,'2022-08-18'),(385,9,10,'2022-07-16'),(386,1,7,'2022-09-28'),(387,3,8,'2022-11-05'),(388,5,5,'2023-05-19'),(389,5,1,'2023-03-01'),(390,2,3,'2023-05-02'),(391,7,3,'2022-12-27'),(392,6,8,'2022-06-26'),(393,10,4,'2022-11-22'),(394,10,1,'2023-06-14'),(395,3,2,'2022-09-08'),(396,1,6,'2022-09-13'),(397,3,2,'2023-04-04'),(398,3,4,'2023-04-19'),(399,1,10,'2022-07-09'),(400,9,7,'2022-08-07'),(401,9,9,'2023-05-02'),(402,7,6,'2022-09-12'),(403,6,5,'2023-01-10'),(404,1,5,'2022-06-27'),(405,4,7,'2022-07-19'),(406,10,1,'2022-11-25'),(407,4,5,'2023-04-29'),(408,10,2,'2022-08-02'),(409,9,4,'2022-12-18'),(410,4,10,'2022-11-20'),(411,6,2,'2022-09-18'),(412,4,8,'2023-01-08'),(413,6,8,'2022-06-25'),(414,9,6,'2022-11-05'),(415,8,10,'2022-11-16'),(416,7,1,'2023-01-20'),(417,7,1,'2023-05-25'),(418,2,7,'2022-09-15'),(419,9,10,'2023-03-17'),(420,2,10,'2022-09-23'),(421,9,1,'2022-10-25'),(422,8,10,'2022-07-04'),(423,6,9,'2022-09-27'),(424,1,8,'2022-09-04'),(425,6,10,'2022-10-18'),(426,2,4,'2022-08-17'),(427,1,8,'2023-01-28'),(428,9,2,'2023-05-06'),(429,2,10,'2023-05-19'),(430,2,3,'2023-02-09'),(431,2,7,'2023-02-08'),(432,7,7,'2023-06-08'),(433,9,1,'2023-01-08'),(434,5,2,'2022-12-18'),(435,5,2,'2023-02-07'),(436,8,5,'2023-04-17'),(437,8,1,'2023-03-02'),(438,2,6,'2022-07-24'),(439,9,2,'2022-08-15'),(440,5,3,'2023-05-27'),(441,6,7,'2023-04-27'),(442,6,5,'2022-11-24'),(443,5,1,'2022-11-12'),(444,7,1,'2022-11-02'),(445,7,1,'2022-07-11'),(446,5,1,'2022-06-23'),(447,3,2,'2022-12-14'),(448,6,2,'2023-02-01'),(449,6,3,'2022-08-22'),(450,10,3,'2022-11-06'),(451,4,8,'2023-01-26'),(452,2,5,'2023-01-04'),(453,3,8,'2023-05-18'),(454,9,9,'2022-09-06'),(455,2,4,'2023-05-05'),(456,4,3,'2022-11-26'),(457,6,4,'2022-10-16'),(458,2,6,'2022-10-25'),(459,3,10,'2022-06-26'),(460,7,7,'2022-11-29'),(461,8,4,'2023-01-19'),(462,2,5,'2023-05-03'),(463,5,5,'2022-10-25'),(464,5,9,'2023-04-18'),(465,4,8,'2022-08-18'),(466,6,7,'2023-02-03'),(467,5,5,'2022-10-03'),(468,8,9,'2022-07-01'),(469,1,7,'2023-05-20'),(470,8,9,'2022-12-24'),(471,9,1,'2022-10-25'),(472,7,9,'2023-04-23'),(473,9,2,'2023-06-16'),(474,1,5,'2022-08-02'),(475,7,7,'2022-11-25'),(476,10,5,'2023-01-18'),(477,8,7,'2022-12-16'),(478,8,2,'2022-11-02'),(479,10,9,'2022-11-09'),(480,8,4,'2023-06-16'),(481,3,6,'2022-09-01'),(482,6,5,'2023-05-12'),(483,4,8,'2023-03-10'),(484,8,9,'2023-01-31'),(485,4,8,'2022-07-24'),(486,5,6,'2022-10-05'),(487,6,8,'2022-09-13'),(488,9,2,'2022-09-05'),(489,9,5,'2022-12-25'),(490,7,6,'2023-06-16'),(491,1,3,'2023-03-02'),(492,3,7,'2023-02-18'),(493,2,7,'2023-02-17'),(494,7,7,'2023-01-11'),(495,1,4,'2023-05-29'),(496,4,7,'2022-10-14'),(497,9,1,'2022-12-13'),(498,4,3,'2022-12-17'),(499,6,10,'2022-11-01'),(500,2,2,'2023-02-25'),(501,9,2,'2022-11-25'),(502,3,5,'2023-05-21'),(503,1,10,'2022-12-12'),(504,4,10,'2023-02-28'),(505,6,7,'2022-07-29'),(506,9,10,'2023-04-30'),(507,10,3,'2022-12-24'),(508,7,7,'2022-11-09'),(509,6,6,'2023-05-24'),(510,7,4,'2022-12-27'),(511,4,4,'2022-08-26'),(512,5,1,'2022-08-17'),(513,5,3,'2022-09-07'),(514,10,7,'2023-05-20'),(515,2,2,'2022-10-26'),(516,8,6,'2023-05-31'),(517,4,10,'2023-03-12'),(518,5,5,'2023-02-13'),(519,3,6,'2022-09-18'),(520,10,6,'2023-05-24'),(521,3,8,'2022-09-19'),(522,1,6,'2023-03-08'),(523,8,3,'2022-07-14'),(524,4,10,'2023-02-26'),(525,4,10,'2023-03-08'),(526,2,5,'2023-05-14'),(527,7,8,'2022-07-06'),(528,7,5,'2023-05-19'),(529,10,9,'2022-10-10'),(530,2,4,'2022-08-23'),(531,3,7,'2023-05-27'),(532,4,2,'2023-02-22'),(533,5,8,'2022-08-04'),(534,10,4,'2022-06-25'),(535,2,5,'2023-03-25'),(536,6,2,'2023-02-16'),(537,1,3,'2022-12-10'),(538,6,6,'2022-11-27'),(539,8,1,'2023-04-25'),(540,3,6,'2022-11-16'),(541,4,5,'2022-09-21'),(542,9,7,'2023-01-27'),(543,5,8,'2023-05-27'),(544,10,8,'2023-01-03'),(545,9,1,'2022-11-20'),(546,5,2,'2023-01-25'),(547,9,9,'2022-11-04'),(548,5,1,'2023-06-05'),(549,4,9,'2023-06-16'),(550,4,8,'2022-09-05'),(551,9,1,'2023-02-15'),(552,2,1,'2023-05-25'),(553,5,1,'2023-06-14'),(554,6,5,'2023-06-07'),(555,9,4,'2022-10-08'),(556,6,5,'2022-11-22'),(557,6,9,'2022-11-26'),(558,1,4,'2023-05-16'),(559,10,3,'2022-08-01'),(560,7,4,'2022-12-01'),(561,4,4,'2022-10-18'),(562,5,2,'2022-12-14'),(563,7,2,'2023-03-04'),(564,4,8,'2023-04-24'),(565,1,2,'2022-06-27'),(566,6,1,'2022-09-13'),(567,5,4,'2023-05-08'),(568,6,5,'2023-02-22'),(569,9,8,'2022-10-06'),(570,8,1,'2022-12-11'),(571,4,7,'2023-01-25'),(572,2,3,'2022-07-23'),(573,3,7,'2022-07-13'),(574,9,5,'2023-02-12'),(575,10,5,'2022-12-16'),(576,1,1,'2022-10-15'),(577,5,6,'2022-09-17'),(578,9,8,'2023-02-11'),(579,9,10,'2022-12-16'),(580,9,6,'2023-03-09'),(581,9,10,'2022-11-16'),(582,9,4,'2022-08-07'),(583,5,3,'2022-08-09'),(584,7,9,'2022-07-06'),(585,7,8,'2023-02-14'),(586,9,6,'2022-12-11'),(587,5,8,'2022-09-17'),(588,6,6,'2022-10-27'),(589,10,2,'2023-02-06'),(590,7,6,'2022-09-11'),(591,9,2,'2022-07-29'),(592,2,8,'2022-07-25'),(593,10,1,'2023-01-07'),(594,8,9,'2022-07-24'),(595,9,10,'2023-03-17'),(596,10,4,'2022-09-07'),(597,9,4,'2022-07-06'),(598,1,3,'2023-04-02'),(599,1,8,'2023-04-16'),(600,4,5,'2023-02-26'),(601,10,3,'2022-08-28'),(602,1,7,'2022-11-28'),(603,4,2,'2022-08-13'),(604,4,4,'2022-08-02'),(605,1,1,'2022-12-05'),(606,2,3,'2023-06-22'),(607,4,9,'2022-07-22'),(608,1,7,'2023-01-06'),(609,9,9,'2022-07-10'),(610,5,6,'2023-05-05'),(611,4,10,'2022-09-08'),(612,3,9,'2023-05-31'),(613,1,3,'2022-07-03'),(614,5,6,'2022-07-20'),(615,6,5,'2023-02-02'),(616,10,5,'2022-11-13'),(617,3,7,'2022-10-27'),(618,6,1,'2023-05-06'),(619,8,8,'2022-09-28'),(620,4,1,'2022-08-01'),(621,5,2,'2022-10-13'),(622,7,2,'2022-12-24'),(623,4,6,'2023-06-01'),(624,10,1,'2022-08-10'),(625,4,10,'2022-12-15'),(626,9,3,'2022-09-07'),(627,5,1,'2022-09-14'),(628,6,3,'2022-07-14'),(629,3,8,'2023-03-30'),(630,2,1,'2022-08-03'),(631,9,8,'2023-06-21'),(632,2,6,'2023-04-21'),(633,3,5,'2023-01-18'),(634,10,5,'2023-05-07'),(635,2,6,'2022-10-25'),(636,3,4,'2022-10-25'),(637,10,8,'2022-06-25'),(638,1,3,'2022-08-24'),(639,1,9,'2022-08-28'),(640,5,2,'2023-06-06'),(641,5,3,'2023-05-21'),(642,1,8,'2022-10-12'),(643,2,9,'2022-06-25'),(644,4,7,'2023-01-29'),(645,2,2,'2023-04-05'),(646,8,2,'2023-03-25'),(647,6,1,'2023-02-01'),(648,5,10,'2023-01-05'),(649,9,10,'2023-04-11'),(650,1,6,'2023-05-01'),(651,2,3,'2022-06-28'),(652,10,3,'2022-12-23'),(653,1,7,'2022-12-03'),(654,3,10,'2023-02-21'),(655,6,5,'2023-04-07'),(656,6,5,'2022-08-09'),(657,9,1,'2023-04-17'),(658,7,5,'2022-07-19'),(659,2,10,'2023-02-22'),(660,2,8,'2022-12-28'),(661,8,10,'2023-04-13'),(662,2,3,'2023-02-05'),(663,6,7,'2022-09-04'),(664,2,6,'2022-06-24'),(665,5,6,'2022-12-16'),(666,3,8,'2022-09-25'),(667,5,9,'2022-06-23'),(668,7,10,'2023-05-05'),(669,9,4,'2023-03-19'),(670,3,10,'2023-04-17'),(671,5,8,'2022-11-03'),(672,1,5,'2022-10-05'),(673,2,2,'2023-04-17'),(674,1,10,'2023-06-15'),(675,2,1,'2023-02-16'),(676,6,5,'2023-02-12'),(677,8,2,'2023-02-20'),(678,8,4,'2022-11-10'),(679,9,9,'2023-03-31'),(680,6,2,'2023-05-10'),(681,10,8,'2023-03-12'),(682,6,5,'2023-02-04'),(683,4,9,'2023-06-17'),(684,10,5,'2023-01-27'),(685,2,1,'2023-02-22'),(686,4,5,'2023-04-07'),(687,6,4,'2022-07-03'),(688,10,9,'2023-01-04'),(689,1,4,'2022-08-22'),(690,9,8,'2022-07-29'),(691,10,5,'2023-03-08'),(692,7,7,'2023-02-19'),(693,5,1,'2022-07-26'),(694,10,2,'2022-08-01'),(695,3,7,'2023-01-29'),(696,5,9,'2023-03-06'),(697,6,9,'2022-12-09'),(698,5,8,'2023-01-21'),(699,5,4,'2022-07-03'),(700,10,3,'2023-03-17'),(701,8,9,'2023-04-27'),(702,10,10,'2023-02-26'),(703,7,9,'2023-04-02'),(704,8,7,'2022-08-20'),(705,4,8,'2023-03-13'),(706,1,4,'2022-12-19'),(707,10,2,'2022-09-14'),(708,8,8,'2023-05-26'),(709,7,3,'2022-12-24'),(710,5,7,'2023-01-18'),(711,6,6,'2023-01-12'),(712,8,6,'2022-12-13'),(713,8,4,'2023-04-01'),(714,9,9,'2022-12-06'),(715,4,7,'2023-06-03'),(716,6,10,'2022-11-02'),(717,6,2,'2022-10-14'),(718,1,4,'2023-02-28'),(719,3,1,'2022-08-17'),(720,2,7,'2023-05-15'),(721,6,2,'2023-03-18'),(722,10,7,'2023-05-09'),(723,4,9,'2023-05-01'),(724,5,3,'2022-10-06'),(725,6,10,'2022-09-06'),(726,6,5,'2023-03-13'),(727,5,1,'2022-09-23'),(728,2,9,'2023-02-06'),(729,2,8,'2022-09-12'),(730,5,3,'2022-09-18'),(731,8,8,'2022-12-09'),(732,1,6,'2023-06-14'),(733,7,7,'2023-06-22'),(734,10,7,'2023-01-31'),(735,3,1,'2022-10-22'),(736,5,8,'2022-08-17'),(737,4,7,'2022-09-23'),(738,2,1,'2022-08-18'),(739,8,1,'2023-04-27'),(740,4,6,'2023-05-11'),(741,5,10,'2022-06-26'),(742,7,2,'2022-11-29'),(743,6,4,'2022-07-17'),(744,4,2,'2023-01-02'),(745,2,2,'2023-04-05'),(746,7,7,'2023-03-13'),(747,10,2,'2023-05-17'),(748,9,3,'2023-04-20'),(749,8,10,'2022-07-17'),(750,5,1,'2023-04-23'),(751,3,3,'2022-12-28'),(752,9,2,'2022-11-22'),(753,1,2,'2022-12-18'),(754,2,7,'2023-04-11'),(755,3,8,'2023-02-01'),(756,6,5,'2022-10-18'),(757,10,2,'2022-11-01'),(758,7,8,'2022-08-14'),(759,4,10,'2022-12-26'),(760,4,5,'2023-03-03'),(761,10,7,'2023-03-12'),(762,10,8,'2023-03-29'),(763,8,5,'2022-07-07'),(764,3,9,'2023-04-19'),(765,5,5,'2023-05-24'),(766,1,10,'2023-03-22'),(767,8,8,'2022-12-12'),(768,4,5,'2023-01-08'),(769,6,6,'2022-10-27'),(770,1,4,'2023-02-28'),(771,4,2,'2022-10-25'),(772,6,8,'2023-03-08'),(773,5,7,'2022-12-16'),(774,8,4,'2023-02-25'),(775,10,9,'2023-05-29'),(776,4,4,'2022-09-04'),(777,5,6,'2023-01-15'),(778,3,1,'2023-01-31'),(779,2,4,'2022-07-09'),(780,7,3,'2023-05-07'),(781,8,4,'2022-10-27'),(782,6,7,'2022-10-06'),(783,6,1,'2023-05-19'),(784,6,5,'2023-04-01'),(785,2,5,'2022-08-16'),(786,10,6,'2023-06-22'),(787,6,7,'2023-03-28'),(788,9,4,'2022-11-23'),(789,1,6,'2023-03-13'),(790,1,8,'2022-09-08'),(791,9,8,'2023-05-08'),(792,9,10,'2022-12-20'),(793,10,1,'2022-11-27'),(794,3,2,'2023-06-21'),(795,10,8,'2023-03-29'),(796,2,2,'2023-06-17'),(797,8,3,'2022-11-29'),(798,2,6,'2023-02-05'),(799,9,10,'2023-02-28'),(800,2,6,'2022-12-04'),(801,9,7,'2022-09-02'),(802,7,3,'2022-08-13'),(803,2,9,'2023-04-09'),(804,2,7,'2022-08-17'),(805,5,10,'2022-09-14'),(806,8,9,'2022-08-27'),(807,6,9,'2022-12-21'),(808,4,7,'2022-12-13'),(809,3,8,'2023-06-14'),(810,1,1,'2022-10-20'),(811,10,4,'2023-01-25'),(812,1,9,'2022-08-29'),(813,1,9,'2023-06-02'),(814,2,8,'2022-08-18'),(815,1,10,'2023-05-08'),(816,1,5,'2022-10-12'),(817,10,4,'2023-02-15'),(818,6,7,'2023-03-27'),(819,1,10,'2022-12-06'),(820,4,2,'2022-10-02'),(821,7,7,'2022-09-15'),(822,6,7,'2023-05-08'),(823,1,10,'2023-01-20'),(824,9,4,'2023-01-19'),(825,7,5,'2022-07-16'),(826,4,8,'2022-08-26'),(827,8,10,'2023-01-15'),(828,3,3,'2023-06-05'),(829,8,9,'2023-06-15'),(830,10,8,'2022-10-20'),(831,2,10,'2022-10-09'),(832,7,4,'2022-10-12'),(833,10,6,'2022-12-25'),(834,4,10,'2023-03-03'),(835,3,7,'2022-09-06'),(836,1,9,'2023-05-24'),(837,1,9,'2023-01-21'),(838,7,4,'2022-12-30'),(839,2,1,'2023-01-22'),(840,1,2,'2022-09-16'),(841,7,8,'2022-12-05'),(842,10,4,'2022-10-25'),(843,8,8,'2023-01-01'),(844,9,7,'2022-07-20'),(845,7,5,'2022-08-28'),(846,10,4,'2022-08-25'),(847,2,3,'2022-11-03'),(848,3,7,'2022-08-15'),(849,4,3,'2023-01-24'),(850,7,7,'2022-08-21'),(851,9,5,'2023-05-20'),(852,5,4,'2022-08-12'),(853,1,6,'2023-04-18'),(854,9,6,'2023-03-05'),(855,5,10,'2022-06-24'),(856,4,3,'2022-08-17'),(857,6,4,'2023-02-24'),(858,8,4,'2022-06-26'),(859,1,9,'2023-03-31'),(860,9,2,'2022-08-06'),(861,5,4,'2022-09-06'),(862,8,1,'2022-08-13'),(863,3,9,'2022-07-30'),(864,2,2,'2023-01-22'),(865,6,1,'2022-09-04'),(866,4,9,'2022-10-16'),(867,1,1,'2022-12-14'),(868,1,3,'2023-03-13'),(869,10,7,'2023-03-04'),(870,9,6,'2023-04-20'),(871,5,2,'2022-10-21'),(872,7,6,'2023-04-28'),(873,1,10,'2023-05-21'),(874,6,10,'2022-07-22'),(875,2,8,'2022-10-26'),(876,8,4,'2022-11-05'),(877,4,3,'2022-12-17'),(878,9,5,'2022-10-27'),(879,8,4,'2023-02-16'),(880,4,9,'2022-07-16'),(881,3,2,'2022-07-31'),(882,7,4,'2023-05-17'),(883,6,7,'2022-08-19'),(884,5,2,'2022-10-07'),(885,1,9,'2023-02-02'),(886,4,6,'2022-07-24'),(887,9,3,'2023-04-18'),(888,8,10,'2023-06-14'),(889,7,7,'2023-01-13'),(890,2,6,'2022-11-24'),(891,4,9,'2023-02-14'),(892,6,7,'2023-04-10'),(893,6,1,'2022-08-24'),(894,4,9,'2023-04-27'),(895,10,1,'2023-01-21'),(896,8,10,'2023-01-13'),(897,2,5,'2023-02-01'),(898,4,8,'2023-02-09'),(899,7,8,'2023-01-24'),(900,2,2,'2022-11-07'),(901,1,6,'2022-09-11'),(902,8,1,'2023-02-28'),(903,1,3,'2022-08-31'),(904,4,7,'2023-03-20'),(905,8,5,'2023-02-22'),(906,2,10,'2023-03-15'),(907,8,10,'2023-03-02'),(908,7,10,'2023-04-16'),(909,7,10,'2023-03-18'),(910,2,2,'2022-08-01'),(911,3,7,'2023-02-11'),(912,8,8,'2023-04-10'),(913,10,9,'2022-12-25'),(914,10,1,'2023-01-30'),(915,7,1,'2022-08-22'),(916,1,6,'2023-01-18'),(917,5,9,'2022-12-23'),(918,8,10,'2022-11-30'),(919,4,1,'2023-01-25'),(920,3,8,'2022-09-09'),(921,7,10,'2023-06-07'),(922,10,8,'2023-02-06'),(923,3,7,'2022-12-19'),(924,2,3,'2022-07-19'),(925,7,10,'2022-09-08'),(926,6,5,'2023-03-24'),(927,10,5,'2023-01-01'),(928,9,10,'2023-05-02'),(929,7,3,'2022-09-22'),(930,8,5,'2022-12-21'),(931,2,3,'2022-07-20'),(932,2,3,'2022-11-14'),(933,7,5,'2023-01-07'),(934,8,9,'2022-11-05'),(935,9,7,'2023-02-19'),(936,2,8,'2022-08-07'),(937,7,10,'2023-05-01'),(938,1,10,'2022-07-01'),(939,9,3,'2023-03-14'),(940,2,2,'2023-05-30'),(941,6,10,'2023-04-30'),(942,1,3,'2022-08-02'),(943,2,3,'2022-11-21'),(944,2,7,'2023-05-06'),(945,4,1,'2022-07-07'),(946,5,3,'2023-06-15'),(947,7,7,'2023-01-08'),(948,8,4,'2022-09-02'),(949,10,10,'2023-01-25'),(950,1,1,'2023-03-15'),(951,5,6,'2023-04-19'),(952,8,6,'2023-04-26'),(953,6,4,'2023-01-18'),(954,9,7,'2022-07-23'),(955,10,5,'2022-10-06'),(956,2,8,'2022-11-25'),(957,9,7,'2022-11-07'),(958,3,10,'2023-03-23'),(959,5,3,'2022-08-10'),(960,1,3,'2022-07-22'),(961,9,6,'2022-09-20'),(962,10,1,'2022-07-31'),(963,2,4,'2022-07-01'),(964,3,8,'2023-06-16'),(965,4,10,'2022-07-05'),(966,5,4,'2022-07-17'),(967,6,6,'2023-03-23'),(968,8,2,'2023-05-30'),(969,7,7,'2022-09-04'),(970,6,9,'2023-06-01'),(971,5,9,'2023-02-02'),(972,6,5,'2022-08-21'),(973,8,5,'2022-06-25'),(974,7,4,'2022-08-04'),(975,10,2,'2022-10-09'),(976,10,8,'2022-08-19'),(977,7,4,'2023-01-25'),(978,6,8,'2023-01-12'),(979,1,3,'2023-03-06'),(980,4,10,'2022-12-10'),(981,3,2,'2023-06-16'),(982,5,8,'2022-09-21'),(983,5,6,'2022-12-06'),(984,6,10,'2023-05-17'),(985,2,5,'2023-02-12'),(986,10,2,'2022-10-26'),(987,10,7,'2022-09-17'),(988,7,7,'2022-06-26'),(989,5,5,'2023-05-14'),(990,1,2,'2022-09-07'),(991,10,10,'2022-09-18'),(992,9,3,'2023-01-27'),(993,8,10,'2023-03-11'),(994,8,3,'2023-05-27'),(995,1,4,'2022-08-24'),(996,6,3,'2023-01-12'),(997,6,10,'2022-09-03'),(998,4,3,'2022-11-24'),(999,5,4,'2023-03-12'),(1000,3,1,'2023-04-01');
/*!40000 ALTER TABLE `peminjaman` ENABLE KEYS */;
UNLOCK TABLES;

--
-- Final view structure for view `anggota_peminjaman`
--

/*!50001 DROP VIEW IF EXISTS `anggota_peminjaman`*/;
/*!50001 SET @saved_cs_client          = @@character_set_client */;
/*!50001 SET @saved_cs_results         = @@character_set_results */;
/*!50001 SET @saved_col_connection     = @@collation_connection */;
/*!50001 SET character_set_client      = utf8mb4 */;
/*!50001 SET character_set_results     = utf8mb4 */;
/*!50001 SET collation_connection      = utf8mb4_0900_ai_ci */;
/*!50001 CREATE ALGORITHM=UNDEFINED */
/*!50013 DEFINER=`root`@`localhost` SQL SECURITY DEFINER */
/*!50001 VIEW `anggota_peminjaman` AS select `a`.`id` AS `id`,`a`.`nama` AS `nama`,count(`p`.`id`) AS `jumlah_peminjaman` from (`anggota` `a` left join `peminjaman` `p` on((`a`.`id` = `p`.`id_anggota`))) group by `a`.`id` */;
/*!50001 SET character_set_client      = @saved_cs_client */;
/*!50001 SET character_set_results     = @saved_cs_results */;
/*!50001 SET collation_connection      = @saved_col_connection */;
/*!40103 SET TIME_ZONE=@OLD_TIME_ZONE */;

/*!40101 SET SQL_MODE=@OLD_SQL_MODE */;
/*!40014 SET FOREIGN_KEY_CHECKS=@OLD_FOREIGN_KEY_CHECKS */;
/*!40014 SET UNIQUE_CHECKS=@OLD_UNIQUE_CHECKS */;
/*!40101 SET CHARACTER_SET_CLIENT=@OLD_CHARACTER_SET_CLIENT */;
/*!40101 SET CHARACTER_SET_RESULTS=@OLD_CHARACTER_SET_RESULTS */;
/*!40101 SET COLLATION_CONNECTION=@OLD_COLLATION_CONNECTION */;
/*!40111 SET SQL_NOTES=@OLD_SQL_NOTES */;

-- Dump completed on 2023-06-23 19:33:40
